﻿<?xml version="1.0" encoding="UTF-8" ?>
<xamlControls
  xmlns:x="http://www.sitecore.net/xaml"
  xmlns:ajax="http://www.sitecore.net/ajax"
  xmlns:rest="http://www.sitecore.net/rest"
  xmlns:javascript="http://www.sitecore.net/javascript"
  xmlns:r="http://www.sitecore.net/renderings"
  xmlns:xmlcontrol="http://www.sitecore.net/xmlcontrols"
  xmlns:p="http://schemas.sitecore.net/Visual-Studio-Intellisense"
  xmlns:asp="http://www.sitecore.net/microsoft/webcontrols"
  xmlns:html="http://www.sitecore.net/microsoft/htmlcontrols"
  xmlns:xsl="http://www.w3.org/1999/XSL/Transform">

  <$rootnamespace$.$safeitemrootname$Editor x:inherits="$rootnamespace$.$safeitemrootname$Editor, $assemblyname$">

    <Sitecore.Controls.DialogPage Icon="Software/32x32/graph_edge_directed.png" runat="server" >

      <AjaxScriptManager runat="server" />
      <ContinuationManager runat="server" />
      
      <table width="100%" height="100%" cellpadding="0" cellspacing="0" border="0">
        <tr>
          <td></td>
        </tr>
        <tr>
          <td height="100%" valign="top"></td>
        </tr>
      </table>
      
    </Sitecore.Controls.DialogPage>

  </$rootnamespace$.$safeitemrootname$Editor>

</xamlControls>